,1,building_id,name,building_type_id,year_built,base_area,stories,un_residential_floor,building_sqft,non_residential_sqft,p_ruzhulv,job_type_name,parcel_id2,geometry,kindergarten_weight,primary_weight,middle_weight,high_weight,school_cap_round
0,602.0,576.0,升官渡幼儿园,5.0,0.0,554.0,2.0,0.0,1109.0,1109,0.8,service,130,"POLYGON Z ((114.182209419 30.526367962999988 0, 114.18213286500007 30.526275997000106 0, 114.18175730800007 30.52650564500001 0, 114.18183386200002 30.52659761100007 0, 114.182209419 30.526367962999988 0))",1.0,0.0,0.0,0.0,92.0
1,603.0,577.0,升官渡幼儿园,5.0,0.0,639.0,3.0,0.0,1918.0,1918,0.8,service,130,"POLYGON Z ((114.18256307300004 30.526773847999998 0, 114.18225133300001 30.5264133250001 0, 114.1822170810001 30.526433801000017 0, 114.18220270399998 30.52641703300005 0, 114.1821332410001 30.526461449000085 0, 114.18245787400005 30.52684068900002 0, 114.18247461300001 30.52683005200003 0, 114.18256307300004 30.526773847999998 0))",1.0,0.0,0.0,0.0,160.0
2,1124.0,878.0,幼儿园,5.0,0.0,515.0,2.0,2.0,1030.0,1030,0.8,service,236,"POLYGON Z ((114.1553917841036 30.50784637291186 0, 114.15520320706241 30.50784610131658 0, 114.15520326911563 30.50804883818343 0, 114.15545094420575 30.508054431067187 0, 114.15545094420575 30.507929267921472 0, 114.1553917841036 30.50784637291186 0))",1.0,0.0,0.0,0.0,86.0
3,1412.0,1328.0,育才实验幼儿园,5.0,2002.0,2473.0,3.0,3.0,7421.0,7421,0.8,service,191,"POLYGON Z ((114.15576320410867 30.503402310967996 0, 114.15576320410867 30.503568123470213 0, 114.15586046758656 30.503591516635307 0, 114.15584941042195 30.503637463897924 0, 114.1558865101543 30.503647586666858 0, 114.15586046758656 30.5037485643449 0, 114.15576320410867 30.503721186283748 0, 114.1557631150757 30.503808226268745 0, 114.15586046758656 30.50383226334836 0, 114.15584450282167 30.503901362757755 0, 114.15635472598991 30.504013111615834 0, 114.15638186123392 30.50387931947509 0, 114.15619929166407 30.50383706303008 0, 114.15623645524828 30.503698156444823 0, 114.15637097943713 30.503726334902524 0, 114.15641401739309 30.503537323488715 0, 114.15627954806274 30.50351420281827 0, 114.15626360488149 30.50361995859423 0, 114.15619929166407 30.50361517959694 0, 114.15620966264592 30.503541037688773 0, 114.15595188726977 30.50348548926398 0, 114.15595666626723 30.503452539003593 0, 114.15576320410867 30.503402310967996 0))",1.0,0.0,0.0,0.0,618.0
4,1418.0,1335.0,育才实验幼儿园,5.0,2002.0,1388.0,3.0,3.0,4164.0,4164,0.8,service,191,"POLYGON Z ((114.15576320410867 30.503721186283748 0, 114.15562860617524 30.503697063768563 0, 114.15566083967609 30.503549899608238 0, 114.15576320410867 30.503568123470213 0, 114.15576320410867 30.503402310967996 0, 114.15556468326356 30.50335999067113 0, 114.15557479254267 30.503331884159167 0, 114.15530575945327 30.50327148569054 0, 114.15527874651693 30.503373326717707 0, 114.15521470489479 30.50335446253851 0, 114.1552035407109 30.503401497980807 0, 114.15548337285938 30.50347058929632 0, 114.1554725270355 30.50350774928323 0, 114.15561757059444 30.503535967311144 0, 114.15558063363935 30.503697070963074 0, 114.15555379966813 30.503651030170918 0, 114.15551032284314 30.50362371326387 0, 114.15545654068681 30.50362371326387 0, 114.15541321584728 30.50364677278039 0, 114.15539222387208 30.503701508218082 0, 114.15541321584728 30.50374775045843 0, 114.15544643680366 30.503780699819536 0, 114.15551032284314 30.503789666060353 0, 114.15554870231082 30.50376657326885 0, 114.1557631150757 30.503808226268745 0, 114.15576320410867 30.503721186283748 0))",1.0,0.0,0.0,0.0,347.0
5,1424.0,1376.0,育才实验幼儿园,5.0,2002.0,1110.0,3.0,3.0,3330.0,3330,0.8,service,191,"POLYGON Z ((114.15541321584728 30.5030177878407 0, 114.15504833121551 30.50268410159007 0, 114.15482139539117 30.502836804674914 0, 114.15495613631668 30.502984816895882 0, 114.15504833121551 30.502925017375702 0, 114.15531674647069 30.503114778824035 0, 114.15541321584728 30.5030177878407 0))",1.0,0.0,0.0,0.0,278.0
6,1562.0,1498.0,博尔顿幼儿园,5.0,2019.0,329.0,3.0,0.0,987.0,987,0.5,service,284,"POLYGON Z ((114.13510580998522 30.490854902331986 0, 114.1346866980327 30.490748373138963 0, 114.13465986226282 30.490808429865222 0, 114.13508949448462 30.49092898398551 0, 114.13510580998522 30.490854902331986 0))",1.0,0.0,0.0,0.0,82.0
7,2130.0,2110.0,万科神龙幼儿园,5.0,2013.0,2123.0,3.0,0.0,6369.0,6369,0.6,service,234,"POLYGON Z ((114.15065314818538 30.504113974437427 0, 114.15073105900461 30.50381650688584 0, 114.15089151384768 30.503849082192644 0, 114.1509068419407 30.503757824573462 0, 114.1506507132879 30.503693067288243 0, 114.15058256036122 30.50395620368076 0, 114.15004243994738 30.503857230031358 0, 114.15011556525364 30.50359802075703 0, 114.14991824487879 30.50355772161775 0, 114.14989195436272 30.503662190340794 0, 114.1499456521461 30.503672164710046 0, 114.14990400125812 30.503824486463714 0, 114.14991988925873 30.50383474741252 0, 114.14988277456467 30.50395915900526 0, 114.15003814662198 30.503986768998583 0, 114.15002757709058 30.504019840537346 0, 114.15010214411716 30.504028268893205 0, 114.15010201876481 30.504004474941553 0, 114.1503590951839 30.504054789378003 0, 114.15034824259884 30.504083995891047 0, 114.15042302810863 30.504092268616173 0, 114.15042288796548 30.50406865894504 0, 114.15065314818538 30.504113974437427 0))",1.0,0.0,0.0,0.0,531.0
8,2424.0,2435.0,海滨城新星艺术幼儿园,5.0,2009.0,434.0,4.0,0.0,1738.0,1738,0.6,service,275,"POLYGON Z ((114.13168626871129 30.483504613519877 0, 114.13132307506294 30.48331891621737 0, 114.13126948675207 30.483399140381955 0, 114.13162786465757 30.483591975622062 0, 114.13168626871129 30.483504613519877 0))",1.0,0.0,0.0,0.0,145.0
9,2614.0,2627.0,小太阳双语幼儿园,6.0,2008.0,326.0,6.0,0.0,1958.0,1958,0.6,retail,9,"POLYGON Z ((114.17378804778087 30.51486700729804 0, 114.17378804778087 30.51481193821186 0, 114.1740518369234 30.51482168146695 0, 114.1740518369234 30.51477346696416 0, 114.1740518369234 30.514761481748497 0, 114.17365347952513 30.514737898826393 0, 114.17365349516054 30.51475102266876 0, 114.17365352359184 30.514774887042883 0, 114.17366456456868 30.514797651581848 0, 114.17368077844577 30.514821043847572 0, 114.17370784803944 30.514853054316514 0, 114.17373372333327 30.51486700729804 0, 114.17378804778087 30.51486700729804 0))",1.0,0.0,0.0,0.0,163.0
10,2760.0,2813.0,新民社区双语幼儿园,5.0,2014.0,169.0,2.0,0.0,338.0,338,0.6,service,6,"POLYGON Z ((114.1767246486374 30.515908827078512 0, 114.17657440969495 30.515908555483232 0, 114.1765745364993 30.516014596344302 0, 114.17672467741562 30.5160148670403 0, 114.1767246486374 30.515908827078512 0))",1.0,0.0,0.0,0.0,28.0
11,2761.0,2814.0,新民社区双语幼儿园,5.0,2014.0,212.0,2.0,0.0,425.0,425,0.6,service,6,"POLYGON Z ((114.17654319069078 30.515899960249108 0, 114.17635469099127 30.515899595124377 0, 114.17635464242791 30.516005635985536 0, 114.17654305399381 30.516005906681446 0, 114.17654319069078 30.515899960249108 0))",1.0,0.0,0.0,0.0,35.0
12,2762.0,2815.0,新民社区双语幼儿园,5.0,2014.0,214.0,2.0,0.0,429.0,429,0.6,service,6,"POLYGON Z ((114.17651783936094 30.5157133603311 0, 114.1763294367882 30.515713137299286 0, 114.1763294367882 30.51582022766919 0, 114.17651793648768 30.51582037335932 0, 114.17651783936094 30.5157133603311 0))",1.0,0.0,0.0,0.0,36.0
13,2921.0,2994.0,新民社区双语幼儿园,8.0,2014.0,132.0,2.0,0.0,265.0,265,0.6,retail,6,"POLYGON Z ((114.17691322657777 30.515886581727706 0, 114.17680105503842 30.515886311031796 0, 114.17680105503842 30.51599746543801 0, 114.17691322657777 30.515997737033288 0, 114.17691322657777 30.515886581727706 0))",1.0,0.0,0.0,0.0,22.0
14,3019.0,3009.0,新新宝贝幼儿园,5.0,0.0,831.0,18.0,0.0,14965.0,14965,0.8,service,13,"POLYGON Z ((114.19093179810547 30.51131600660092 0, 114.19138619436076 30.51103033954842 0, 114.19149640327787 30.5109610540819 0, 114.19148109131692 30.510942479566552 0, 114.19143218898584 30.510883157504267 0, 114.19135087858166 30.51093788934466 0, 114.1913139218415 30.510886949945295 0, 114.19119565469715 30.51096559116159 0, 114.19123262312858 30.51102557414346 0, 114.19107715103117 30.511122387960334 0, 114.19103411127665 30.51105718801134 0, 114.19091585582358 30.51114115861008 0, 114.19096900845449 30.511210011605296 0, 114.19088880961243 30.51125611085336 0, 114.19093179810547 30.51131600660092 0))",1.0,0.0,0.0,0.0,1247.0
15,3029.0,3030.0,新新宝贝幼儿园,5.0,0.0,779.0,18.0,0.0,14026.0,14026,0.8,service,13,"POLYGON Z ((114.19199379547224 30.511303325415916 0, 114.19164396908891 30.510872603215876 0, 114.19163373740675 30.510879430094672 0, 114.1915257010453 30.51095151512817 0, 114.19153884045059 30.51096729007654 0, 114.1918375400654 30.51132590379517 0, 114.1918755391198 30.511299068924757 0, 114.1919236393595 30.511349025364986 0, 114.19199379547224 30.511303325415916 0))",1.0,0.0,0.0,0.0,1169.0
16,3558.0,3625.0,小天使幼儿园,5.0,2015.0,267.0,3.0,0.0,802.0,802,0.6,service,281,"POLYGON Z ((114.14094561883464 30.490819602667344 0, 114.1409249188347 30.490884012667337 0, 114.14094824583471 30.49088971966735 0, 114.1409405918347 30.49091352666734 0, 114.14102368883472 30.490929681667367 0, 114.14099313183466 30.491018115667387 0, 114.14098427183468 30.49102472966736 0, 114.14103868983467 30.49107021866736 0, 114.14106178183467 30.491056392667375 0, 114.1411254838347 30.490863812667342 0, 114.14094561883464 30.490819602667344 0))",1.0,0.0,0.0,0.0,67.0
17,4355.0,4306.0,武汉经济开发区红江幼儿园,5.0,2019.0,1210.0,2.0,0.0,2420.0,2420,0.5,service,543,"POLYGON Z ((114.19075291058485 30.460708895469764 0, 114.1906179656784 30.46045488152824 0, 114.19026869650881 30.460494571206628 0, 114.19029251031583 30.46078033689081 0, 114.19075291058485 30.460708895469764 0))",1.0,0.0,0.0,0.0,202.0
18,4538.0,5250.0,幼儿园,5.0,0.0,2905.0,3.0,0.0,8717.0,8717,0.8,service,25,"POLYGON Z ((114.16456327588007 30.496511829039566 0, 114.16512071791826 30.49634407090291 0, 114.16499041061647 30.49589284546005 0, 114.16441233486358 30.496092186158645 0, 114.16456327588007 30.496511829039566 0))",1.0,0.0,0.0,0.0,726.0
19,4572.0,4693.0,新都国际幼儿园,5.0,2012.0,485.0,2.0,0.0,971.0,971,0.6,service,378,"POLYGON Z ((114.14983097871585 30.488565124304408 0, 114.14977710065837 30.488551367914436 0, 114.14973402894881 30.488556831078004 0, 114.14968601105744 30.488580100261135 0, 114.14966983794886 30.488622288056 0, 114.14966974081796 30.488668431833542 0, 114.14966971120606 30.488682499496896 0, 114.14968569845065 30.48872860971758 0, 114.14972254419324 30.488770521218704 0, 114.1497925691916 30.488793252601297 0, 114.14984637674078 30.488787728445356 0, 114.1498996238519 30.488746261006302 0, 114.14991055368672 30.488709369662438 0, 114.14991059092034 30.48867210268625 0, 114.14991063114213 30.488652994606774 0, 114.14987264283376 30.48860695907618 0, 114.14983097871585 30.488565124304408 0))",1.0,0.0,0.0,0.0,81.0
20,5128.0,5075.0,沌口馨苑B区幼儿园,2.0,2011.0,955.0,3.0,0.0,2867.0,0,0.6,retail,352,"POLYGON Z ((114.17630672058611 30.463241404439934 0, 114.1767640063983 30.463165190137904 0, 114.1767601956832 30.46296322223752 0, 114.1762800455804 30.46306611154526 0, 114.17630672058611 30.463241404439934 0))",1.0,0.0,0.0,0.0,0.0
21,5134.0,5082.0,住宅加幼儿园,2.0,0.0,543.0,16.0,2.0,8693.0,1086,0.8,retail,412,"POLYGON Z ((114.18002683685366 30.464647274572577 0, 114.18033577132226 30.46455436195044 0, 114.18026608685567 30.464396410492807 0, 114.17996876646482 30.464512551270477 0, 114.18002683685366 30.464647274572577 0))",1.0,0.0,0.0,0.0,90.0
22,5191.0,5131.0,国际幼儿园,5.0,0.0,1392.0,3.0,0.0,4176.0,4176,0.8,0,349,"POLYGON Z ((114.16657060500006 30.467766968000035 0, 114.16657331200008 30.467766062000067 0, 114.1665767500001 30.46776460400008 0, 114.16657949800003 30.46776319500009 0, 114.16658173400003 30.467761728000085 0, 114.16658364600005 30.46776036700004 0, 114.16658568300011 30.467758512000046 0, 114.16658807500005 30.46775617500009 0, 114.1665897360001 30.46775394000008 0, 114.16659133300004 30.467751534000058 0, 114.16659285700007 30.46774868700004 0, 114.16659394200008 30.467745837000052 0, 114.1665947030001 30.467742831000066 0, 114.16659515000003 30.467739590000065 0, 114.1665952730001 30.467735950000076 0, 114.166579286 30.467652650000048 0, 114.16657710200002 30.467641282000045 0, 114.16657621200011 30.467638741000087 0, 114.16657461 30.467635494000035 0, 114.16657269400002 30.46763251400006 0, 114.16656991100001 30.467629033000037 0, 114.16656760900003 30.46762693100004 0, 114.16656493100004 30.46762476400005 0, 114.16656135400001 30.467622491000043 0, 114.16655829000001 30.467620878000048 0, 114.16655465100007 30.46761942200004 0, 114.16655120000007 30.467618516000073 0, 114.1665478750001 30.467617836000045 0, 114.16654423700004 30.467617423000036 0, 114.16654128900007 30.467617374000042 0, 114.16652732900002 30.46754590800009 0, 114.16655796700002 30.46754184400004 0, 114.16654558100004 30.467478182000036 0, 114.16648628200005 30.46748606300008 0, 114.16647666600011 30.467435427000055 0, 114.16646738400004 30.467436690000056 0, 114.16646519000005 30.46742514200008 0, 114.16623319900009 30.467456716000072 0, 114.16623539300008 30.467468264000047 0, 114.16622612100002 30.46746952700005 0, 114.16623371000003 30.467509507000045 0, 114.16619968600003 30.46751413900006 0, 114.16621533200009 30.46758849400004 0, 114.16620623300003 30.46761092400004 0, 114.16609901200002 30.467578011000057 0, 114.16608887100006 30.467603715000052 0, 114.16605760300001 30.467683013000055 0, 114.16652250000004 30.46782573200005 0, 114.16653313577477 30.46779953075765 0, 114.16657060500006 30.467766968000035 0))",1.0,0.0,0.0,0.0,348.0
23,5262.0,5214.0,红升幼儿园,5.0,0.0,2358.0,1.0,0.0,2358.0,2358,0.8,service,20,"POLYGON Z ((114.1717760728417 30.501049760980525 0, 114.17232473864414 30.500909500549827 0, 114.17217622759988 30.500521721712012 0, 114.17166056425171 30.50067848336985 0, 114.1717760728417 30.501049760980525 0))",1.0,0.0,0.0,0.0,196.0
24,5320.0,5309.0,沌口幼儿园,5.0,1982.0,1680.0,3.0,0.0,5042.0,5042,0.8,service,344,"POLYGON Z ((114.17810554300002 30.466701346000036 0, 114.17795019000005 30.46674611600008 0, 114.17795657900001 30.46676212500006 0, 114.17797400900008 30.46680579000008 0, 114.1779838860001 30.466830507000054 0, 114.17790609500003 30.466852922000044 0, 114.17789622800001 30.46682820500007 0, 114.17787877700005 30.46678449600006 0, 114.17787280700009 30.466769532000058 0, 114.17771655500007 30.466814556000088 0, 114.17772252500004 30.466829519000044 0, 114.177776752 30.46696537200006 0, 114.1778090580001 30.466956063000055 0, 114.17781699800003 30.46697606500004 0, 114.177808992 30.466978406000067 0, 114.17780339400008 30.466985160000036 0, 114.17780193700003 30.466993158000037 0, 114.17780362400003 30.466998536000062 0, 114.17780910700003 30.46700426500007 0, 114.17781529800004 30.467007322000086 0, 114.17782254400004 30.467008615000054 0, 114.17782923300001 30.467006893000075 0, 114.17784106900001 30.467036720000067 0, 114.177888112 30.467023356000084 0, 114.177930661 30.467011272000036 0, 114.17797092300009 30.467109211000036 0, 114.17796715000009 30.46711028900006 0, 114.17795082800001 30.46711896000005 0, 114.1779393160001 30.467129491000037 0, 114.17793503500002 30.467136938000067 0, 114.17793439800005 30.467138039000076 0, 114.17792876300007 30.467150437000043 0, 114.17792617400005 30.467167927000048 0, 114.17792846400005 30.46718192900005 0, 114.17793285300002 30.467193879000035 0, 114.17794311800003 30.467205620000072 0, 114.17795959300008 30.467217748000053 0, 114.1779764800001 30.46722364100009 0, 114.17799513200009 30.46722599700007 0, 114.17801277700005 30.467224472000055 0, 114.17803011600006 30.467219080000064 0, 114.17804436800009 30.46721007900004 0, 114.17805239100005 30.46720217400008 0, 114.1780590620001 30.467190978000076 0, 114.17806400800009 30.467179159000068 0, 114.17806583900006 30.467167893000067 0, 114.17806454600009 30.467158365000046 0, 114.17806176700003 30.467147029000046 0, 114.17811975200004 30.467129997000086 0, 114.17812667600003 30.46714735800009 0, 114.17814621100001 30.467196314000034 0, 114.1782880290001 30.46715544500006 0, 114.17810554300002 30.466701346000036 0))",1.0,0.0,0.0,0.0,420.0
25,0.0,0.0,万家湖幼儿园,0.0,0.0,0.0,0.0,0.0,0.0,3600,0.0,0,345,0,1.0,0.0,0.0,0.0,300.0
26,0.0,0.0,枫桦实验幼儿园,0.0,0.0,0.0,0.0,0.0,0.0,1800,0.0,0,345,0,1.0,0.0,0.0,0.0,150.0
27,0.0,0.0,沌口绚丽七色光幼儿园,0.0,0.0,0.0,0.0,0.0,0.0,1500,0.0,0,353,0,1.0,0.0,0.0,0.0,125.0
28,0.0,0.0,君融国际幼儿园,0.0,0.0,0.0,0.0,0.0,0.0,1528,0.0,0,349,0,1.0,0.0,0.0,0.0,127.0
29,0.0,0.0,神龙幼儿园,0.0,0.0,0.0,0.0,0.0,0.0,3552,0.0,0,25,0,1.0,0.0,0.0,0.0,296.0
30,0.0,0.0,星兴艺术幼儿园,0.0,0.0,0.0,0.0,0.0,0.0,1020,0.0,0,275,0,1.0,0.0,0.0,0.0,85.0
31,0.0,0.0,阳光幼儿园,0.0,0.0,0.0,0.0,0.0,0.0,4200,0.0,0,278,0,1.0,0.0,0.0,0.0,350.0
32,0.0,0.0,小太阳幼儿园,0.0,0.0,0.0,0.0,0.0,0.0,3000,0.0,0,286,0,1.0,0.0,0.0,0.0,250.0
33,0.0,0.0,武汉市蔡甸区贝贝幼儿园,0.0,0.0,0.0,0.0,0.0,0.0,3600,0.0,0,280,0,1.0,0.0,0.0,0.0,300.0
34,0.0,0.0,童心语幼儿园,0.0,0.0,0.0,0.0,0.0,0.0,1260,0.0,0,281,0,1.0,0.0,0.0,0.0,105.0
35,0.0,0.0,东风阳光城紫竹苑幼儿园,0.0,0.0,0.0,0.0,0.0,0.0,2880,0.0,0,293,0,1.0,0.0,0.0,0.0,240.0
36,0.0,0.0,瑞吉欧广博幼儿园,0.0,0.0,0.0,0.0,0.0,0.0,3500,0.0,0,204,0,1.0,0.0,0.0,0.0,292.0
37,0.0,0.0,阳光花夏威夷国际幼儿园,0.0,0.0,0.0,0.0,0.0,0.0,4000,0.0,0,327,0,1.0,0.0,0.0,0.0,333.0
38,0.0,0.0,博学幼儿园,0.0,0.0,0.0,0.0,0.0,0.0,4320,0.0,0,194,0,1.0,0.0,0.0,0.0,360.0
39,0.0,0.0,爱立方幼儿园金色港湾分园,0.0,0.0,0.0,0.0,0.0,0.0,1400,0.0,0,202,0,1.0,0.0,0.0,0.0,117.0
40,0.0,0.0,港丽幼儿园,0.0,0.0,0.0,0.0,0.0,0.0,2600,0.0,0,1,0,1.0,0.0,0.0,0.0,217.0
41,0.0,0.0,阳光花康悦幼儿园,0.0,0.0,0.0,0.0,0.0,0.0,4100,0.0,0,14,0,1.0,0.0,0.0,0.0,342.0
42,0.0,0.0,花咕朵幼儿园,0.0,0.0,0.0,0.0,0.0,0.0,2000,0.0,0,13,0,1.0,0.0,0.0,0.0,167.0
43,0.0,0.0,索思威教育武城学前教育学院附属实验幼儿园,0.0,0.0,0.0,0.0,0.0,0.0,4000,0.0,0,12,0,1.0,0.0,0.0,0.0,333.0
44,0.0,0.0,武城院附属实验幼儿园,0.0,0.0,0.0,0.0,0.0,0.0,4000,0.0,0,12,0,1.0,0.0,0.0,0.0,333.0
45,0.0,0.0,武汉育仁（国际）幼儿园（国际店）,0.0,0.0,0.0,0.0,0.0,0.0,1104,0.0,0,106,0,1.0,0.0,0.0,0.0,92.0
46,0.0,0.0,观澜幼儿园,0.0,0.0,0.0,0.0,0.0,0.0,3120,0.0,0,3,0,1.0,0.0,0.0,0.0,260.0
47,0.0,0.0,武汉经济技术开发区新华幼儿园,0.0,0.0,0.0,0.0,0.0,0.0,6480,0.0,0,113,0,1.0,0.0,0.0,0.0,540.0
48,0.0,0.0,武汉艾乐国际幼儿园,0.0,0.0,0.0,0.0,0.0,0.0,2600,0.0,0,244,0,1.0,0.0,0.0,0.0,217.0
49,2007.0,2007.0,三角湖小学,5.0,2002.0,1058.0,5.0,0.0,5294.0,5294,0.8,service,219,"POLYGON Z ((114.15015344583567 30.510158665920546 0, 114.15024895234582 30.509989189041384 0, 114.15026828886688 30.509997353435754 0, 114.15030371184784 30.509934499419412 0, 114.15027357909534 30.509921818982953 0, 114.15031438576574 30.50984946998847 0, 114.15005736341202 30.50974088037199 0, 114.15001684648476 30.509812721326984 0, 114.15004900104044 30.509826385194412 0, 114.15003637198629 30.50984833038848 0, 114.15011514950761 30.509881611256333 0, 114.15009171283698 30.509923037736495 0, 114.15022122070626 30.509977547134852 0, 114.15018727738317 30.510039536761344 0, 114.14993030118708 30.5099299821826 0, 114.1498380422294 30.51009224327055 0, 114.15014127626367 30.510221513981993 0, 114.1501724135208 30.510166752949115 0, 114.15015344583567 30.510158665920546 0))",0.0,1.0,0.0,0.0,353.0
50,2008.0,2008.0,三角湖小学,5.0,2002.0,506.0,5.0,0.0,2532.0,2532,0.8,service,219,"POLYGON Z ((114.15046005813133 30.509751880968352 0, 114.15048211527291 30.509681553357698 0, 114.15049065431838 30.50968337987866 0, 114.15049724354682 30.509662300176128 0, 114.15048872399123 30.509660491348317 0, 114.15050724726558 30.50960143289728 0, 114.15049310856874 30.50959844213103 0, 114.15049706968301 30.509585698259443 0, 114.15044240456622 30.50957413822606 0, 114.15043844345209 30.509586882097732 0, 114.15042408447492 30.509583848303894 0, 114.15040561814719 30.509642727114862 0, 114.15022619445224 30.509604394187544 0, 114.15024132692186 30.509556558075953 0, 114.1501538942224 30.50953768703 0, 114.15013882347627 30.50958573968555 0, 114.15010980894665 30.509579540208474 0, 114.15008115327322 30.509670939670134 0, 114.15046005813133 30.509751880968352 0))",0.0,1.0,0.0,0.0,169.0
51,2009.0,2009.0,三角湖小学,5.0,2002.0,4180.0,3.0,0.0,12542.0,12542,0.8,service,219,"POLYGON Z ((114.15138064147379 30.51083051400713 0, 114.15142515515565 30.510752378239676 0, 114.15144575257082 30.510761178146396 0, 114.1515652233084 30.510551459750143 0, 114.15154451035949 30.510542517542124 0, 114.15158909915077 30.51046425396222 0, 114.15162170602945 30.51048027195379 0, 114.15164233987699 30.510443864907554 0, 114.15162730645349 30.510436924144614 0, 114.15170329130399 30.51030287741771 0, 114.15171857297948 30.5103093640888 0, 114.15173945507892 30.51027250295072 0, 114.15172417340345 30.510266016279626 0, 114.15173273201432 30.51025097623451 0, 114.15174730389829 30.510257110017097 0, 114.15177957732647 30.510199692244615 0, 114.15171702801246 30.5101733648846 0, 114.15170836426552 30.510188786116576 0, 114.15169944798319 30.510184997329453 0, 114.15171216842033 30.510162505674053 0, 114.15147274208249 30.510060287169008 0, 114.15153787872599 30.509945678346256 0, 114.1514349750734 30.50987474068973 0, 114.1513630245341 30.510006766637893 0, 114.15127071930289 30.509967358522946 0, 114.15126191767264 30.50996425379457 0, 114.15125437039323 30.50996486961461 0, 114.15124881912897 30.509966366016332 0, 114.15124547357436 30.509969280815092 0, 114.15124238361919 30.50997365352895 0, 114.15124155549258 30.50997800095335 0, 114.15124130435217 30.509983794256716 0, 114.15124333550519 30.50998928299115 0, 114.15124772028939 30.509994411647025 0, 114.15128491303061 30.510010286601297 0, 114.15125231492243 30.510067553949373 0, 114.1513110269934 30.510092562679368 0, 114.15119905529625 30.510288965344472 0, 114.15111092523449 30.510251476483518 0, 114.15110232390347 30.510248928807375 0, 114.15109489797085 30.51024899359214 0, 114.15108961161206 30.510250719788974 0, 114.15108672027529 30.510251663778202 0, 114.15108314299489 30.510254780550294 0, 114.15108102664068 30.510256624970978 0, 114.15107890204446 30.51026177115573 0, 114.15107961149761 30.5102638877181 0, 114.1510780670254 30.51026654307272 0, 114.15108357304177 30.510279434751588 0, 114.15112261895456 30.51029598429145 0, 114.151090473002 30.51035323715523 0, 114.15114911804127 30.510377894005316 0, 114.15113125085536 30.510408407483318 0, 114.151036469666 30.51036857621288 0, 114.15095753336749 30.51050916704682 0, 114.15099416250197 30.510524561976133 0, 114.15097972044849 30.51055031122723 0, 114.15093929822683 30.51053352460912 0, 114.15093420809964 30.51053319353289 0, 114.1509291305084 30.510534097190657 0, 114.15092445172033 30.510536161134805 0, 114.15092048622806 30.510539254074708 0, 114.15091754561786 30.510543146458115 0, 114.15091582078013 30.510547549795877 0, 114.15091544484919 30.510552153605516 0, 114.15091874726436 30.510560631221505 0, 114.15096157024577 30.510581134983767 0, 114.15092935033796 30.510637695001197 0, 114.15138064147379 30.51083051400713 0))",0.0,1.0,0.0,0.0,836.0
52,2010.0,2031.0,三角湖小学,5.0,2002.0,1464.0,4.0,0.0,5856.0,5856,0.8,service,219,"POLYGON Z ((114.15127052066806 30.510888760164917 0, 114.15084988504309 30.510710473792024 0, 114.15069989936495 30.510974170091245 0, 114.15112084768312 30.511152173720294 0, 114.15127052066806 30.510888760164917 0))",0.0,1.0,0.0,0.0,390.0
53,2119.0,2099.0,武汉开发区实验小学,5.0,2012.0,828.0,4.0,0.0,3312.0,3312,0.6,service,221,"POLYGON Z ((114.1531311400282 30.505071515608932 0, 114.15299777227102 30.505043296626805 0, 114.15295813926404 30.50519436914434 0, 114.1534613078395 30.505300850235802 0, 114.15348432207057 30.505213094991174 0, 114.15344794416244 30.50520539855998 0, 114.15346456287705 30.50514207094456 0, 114.1531311400282 30.505071515608932 0))",0.0,1.0,0.0,0.0,221.0
54,2120.0,2100.0,武汉开发区实验小学,5.0,2012.0,341.0,4.0,0.0,1366.0,1366,0.6,service,221,"POLYGON Z ((114.15319093365326 30.504843543666695 0, 114.15305756411244 30.50481531907442 0, 114.15299777227102 30.505043296626805 0, 114.1531311400282 30.505071515608932 0, 114.15319093365326 30.504843543666695 0))",0.0,1.0,0.0,0.0,91.0
55,2121.0,2101.0,武汉开发区实验小学,5.0,2012.0,1332.0,4.0,0.0,5328.0,5328,0.6,service,221,"POLYGON Z ((114.15305756411244 30.50481531907442 0, 114.15319093365326 30.504843543666695 0, 114.15360316830683 30.504930782844966 0, 114.15362593969812 30.50484393029012 0, 114.15318339669446 30.50475028111617 0, 114.15324319945576 30.50452230343612 0, 114.15368574251468 30.504615961918343 0, 114.15370851390605 30.504529109363588 0, 114.153165763123 30.504402795406552 0, 114.15312187041114 30.504570153308492 0, 114.15315823746079 30.50457786020977 0, 114.15313926187926 30.50465022319636 0, 114.15310288396499 30.504642525730926 0, 114.15305756411244 30.50481531907442 0))",0.0,1.0,0.0,0.0,355.0
56,2122.0,2104.0,武汉开发区实验小学,5.0,2012.0,693.0,5.0,0.0,3466.0,3466,0.6,service,221,"POLYGON Z ((114.15285223596366 30.504608115301192 0, 114.15246172302807 30.504525473607313 0, 114.15241547736798 30.504679446021168 0, 114.15282063552097 30.504765189184795 0, 114.15285223596366 30.504608115301192 0))",0.0,1.0,0.0,0.0,231.0
57,2123.0,2105.0,武汉开发区实验小学,5.0,2012.0,836.0,5.0,0.0,4181.0,4181,0.6,service,221,"POLYGON Z ((114.15270912213 30.50516793800774 0, 114.15276393572958 30.50495896310132 0, 114.1526972505231 30.504944855301623 0, 114.15268941787718 30.50497470814586 0, 114.15235220244483 30.50490334769817 0, 114.15230218101914 30.50508087313515 0, 114.15270912213 30.50516793800774 0))",0.0,1.0,0.0,0.0,279.0
58,2124.0,2106.0,武汉开发区实验小学,5.0,2012.0,275.0,5.0,0.0,1378.0,1378,0.6,service,221,"POLYGON Z ((114.15250906942721 30.505125604231544 0, 114.1523090157379 30.50508327150118 0, 114.15230213354894 30.50510950452147 0, 114.15229505599041 30.505108008845312 0, 114.15227061456335 30.505201190223136 0, 114.15247774581125 30.505245018629655 0, 114.15250906942721 30.505125604231544 0))",0.0,1.0,0.0,0.0,92.0
59,2640.0,2628.0,武汉市育才小学开发区分校,5.0,2012.0,934.0,2.0,0.0,1868.0,1868,0.6,service,50,"POLYGON Z ((114.17513778186306 30.516003679216567 0, 114.17506858442755 30.51583751328071 0, 114.1745893222194 30.51597062193681 0, 114.1746545149738 30.51613265458846 0, 114.17513778186306 30.516003679216567 0))",0.0,1.0,0.0,0.0,125.0
60,3341.0,3370.0,洪山小学,5.0,1972.0,1079.0,4.0,0.0,4316.0,4316,0.8,service,274,"POLYGON Z ((114.13153788158985 30.480787390543675 0, 114.13179862658984 30.480908794543645 0, 114.13199614558977 30.480591375543646 0, 114.13173541158977 30.480469971543677 0, 114.13153788158985 30.480787390543675 0))",0.0,1.0,0.0,0.0,288.0
61,3620.0,3668.0,新城小学,5.0,2009.0,504.0,2.0,0.0,1009.0,1009,0.6,service,281,"POLYGON Z ((114.14230744820193 30.492602010380306 0, 114.14260756820195 30.492649819380272 0, 114.14263540420203 30.492514169380268 0, 114.14241926220203 30.492479725380274 0, 114.14242474020196 30.492453079380294 0, 114.14230883220196 30.49243460038029 0, 114.14228820220197 30.492535107380302 0, 114.14232013220195 30.49254019338029 0, 114.14230744820193 30.492602010380306 0))",0.0,1.0,0.0,0.0,67.0
62,3624.0,3673.0,新城小学,5.0,2009.0,1502.0,6.0,0.0,9016.0,9016,0.6,service,281,"POLYGON Z ((114.142529701202 30.491872456380275 0, 114.142515360202 30.49194053538029 0, 114.14249905020202 30.491937872380316 0, 114.14249429320196 30.491964047380275 0, 114.14256370620197 30.491975338380296 0, 114.14251663020198 30.4921998113803 0, 114.14272124120194 30.492232769380262 0, 114.14271459720194 30.492266066380278 0, 114.14228183220192 30.492197831380263 0, 114.14226259820194 30.492293179380265 0, 114.14278392020199 30.492376081380296 0, 114.14281080020194 30.492246670380307 0, 114.14273482220202 30.492234872380305 0, 114.14277097020195 30.492046316380293 0, 114.142849678202 30.4920591673803 0, 114.142877059202 30.491929176380307 0, 114.142529701202 30.491872456380275 0))",0.0,1.0,0.0,0.0,601.0
63,3625.0,3674.0,新城小学,5.0,2009.0,1358.0,3.0,0.0,4075.0,4075,0.6,service,308,"POLYGON Z ((114.1438804571001 30.491654229421155 0, 114.14355630210017 30.491600029421132 0, 114.1434173851001 30.49160713342115 0, 114.14342483610008 30.491683567421145 0, 114.1435439021001 30.491677604421167 0, 114.14376891110012 30.491713946421154 0, 114.1437634951001 30.49173987342112 0, 114.14369219110009 30.491729377421162 0, 114.14367899110019 30.491800034421143 0, 114.14353188710018 30.49180609042116 0, 114.14353690110013 30.491881553421134 0, 114.14366475010016 30.49187627442114 0, 114.14365603210015 30.49191764542115 0, 114.14372399210018 30.491928917421145 0, 114.14373170910008 30.491891996421142 0, 114.14382742810008 30.491907776421154 0, 114.14381963810015 30.49194510042116 0, 114.14388727410008 30.491956252421115 0, 114.14389492810008 30.491919026421154 0, 114.1439246511001 30.49192224542116 0, 114.14401088310015 30.491957935421166 0, 114.14404859010008 30.491890314421138 0, 114.14394214310008 30.491845678421154 0, 114.14391168710009 30.491840611421136 0, 114.14392732110016 30.491767437421114 0, 114.14385897510013 30.49175676542114 0, 114.14386446310019 30.491730470421142 0, 114.14408642010008 30.491766835421114 0, 114.14419728810017 30.491811396421152 0, 114.14423574610012 30.49174192942115 0, 114.14411603110014 30.491693619421138 0, 114.1438804571001 30.491654229421155 0))",0.0,1.0,0.0,0.0,272.0
64,4519.0,4623.0,神龙小学,5.0,0.0,1302.0,4.0,0.0,5210.0,5210,0.8,service,25,"POLYGON Z ((114.16751773666454 30.49823371738204 0, 114.16794861917295 30.49812328370383 0, 114.16790614562254 30.498030558603407 0, 114.167507792929 30.49812180835485 0, 114.16745443975876 30.49795431453241 0, 114.1678050268595 30.497872100610074 0, 114.16777798597015 30.497774262727592 0, 114.16737514435447 30.49787973248057 0, 114.16740669466249 30.49800567104515 0, 114.16728992624301 30.498042450705018 0, 114.16732646364214 30.498168669734966 0, 114.16740676445518 30.49814977712007 0, 114.16742751489473 30.49823357981089 0, 114.16751773666454 30.49823371738204 0))",0.0,1.0,0.0,0.0,347.0
65,4534.0,5246.0,神龙小学,5.0,1997.0,920.0,4.0,0.0,3680.0,3680,0.8,service,25,"POLYGON Z ((114.16673055514816 30.498365813367574 0, 114.16720779909603 30.49823048182714 0, 114.16715396614956 30.498061422934995 0, 114.16668962140487 30.498194579640288 0, 114.16673055514816 30.498365813367574 0))",0.0,1.0,0.0,0.0,245.0
66,4544.0,5261.0,神龙小学,5.0,1997.0,4082.0,4.0,0.0,16328.0,16328,0.8,service,51,"POLYGON Z ((114.16713734332279 30.497671352651324 0, 114.16770058196434 30.497506319202493 0, 114.16748788445108 30.49688955424274 0, 114.1669320226435 30.497031977265124 0, 114.16713734332279 30.497671352651324 0))",0.0,1.0,0.0,0.0,1089.0
67,5148.0,5095.0,万家湖小学,5.0,2021.0,5882.0,5.0,0.0,29410.0,29410,0.5,retail,426,"POLYGON Z ((114.17053882638966 30.466417027486898 0, 114.17134249857949 30.46634251483354 0, 114.17120944026992 30.465666578620905 0, 114.17042173507724 30.465725124277117 0, 114.17053882638966 30.466417027486898 0))",0.0,1.0,0.0,0.0,1961.0
68,5149.0,5096.0,万家湖小学,5.0,2021.0,2734.0,5.0,0.0,13673.0,13673,0.5,retail,426,"POLYGON Z ((114.17110665272577 30.46715117670998 0, 114.17149335343797 30.467138702493454 0, 114.17136445320057 30.46644430444037 0, 114.17098191056056 30.466548256244725 0, 114.17110665272577 30.46715117670998 0))",0.0,1.0,0.0,0.0,912.0
69,5150.0,5097.0,万家湖小学,5.0,2021.0,4321.0,5.0,0.0,21605.0,21605,0.5,retail,426,"POLYGON Z ((114.17069916165279 30.46782894247438 0, 114.17157651488154 30.467675093803937 0, 114.17147672114935 30.46720938972043 0, 114.17063679057017 30.46737987067957 0, 114.17069916165279 30.46782894247438 0))",0.0,1.0,0.0,0.0,1440.0
70,5151.0,5098.0,万家湖小学,5.0,2021.0,1081.0,5.0,0.0,5408.0,5408,0.5,retail,426,"POLYGON Z ((114.17015556544028 30.467660229766942 0, 114.1705713726577 30.467606174828678 0, 114.17051731771944 30.4673774808591 0, 114.17009735242985 30.467414903508665 0, 114.17015556544028 30.467660229766942 0))",0.0,1.0,0.0,0.0,361.0
71,5152.0,5099.0,万家湖小学,5.0,2021.0,695.0,5.0,0.0,3478.0,3478,0.5,retail,426,"POLYGON Z ((114.17002788248092 30.46719142684863 0, 114.1704696360687 30.46717812101767 0, 114.17043770207441 30.46701046754761 0, 114.17000659315138 30.467063690871438 0, 114.17002788248092 30.46719142684863 0))",0.0,1.0,0.0,0.0,232.0
72,5153.0,5100.0,万家湖小学,5.0,2021.0,1035.0,5.0,0.0,5175.0,5175,0.5,retail,426,"POLYGON Z ((114.16996734095007 30.466818530936052 0, 114.17032493515704 30.466826847080398 0, 114.17024593178573 30.46649835937864 0, 114.16993823444484 30.466573204677776 0, 114.16996734095007 30.466818530936052 0))",0.0,1.0,0.0,0.0,345.0
73,5154.0,5101.0,万家湖小学,5.0,2021.0,1996.0,5.0,0.0,9981.0,9981,0.5,retail,426,"POLYGON Z ((114.1699299183005 30.466494201306467 0, 114.17036235780661 30.466452620584725 0, 114.17023761564138 30.466003548789914 0, 114.16983012456832 30.466082552161225 0, 114.1699299183005 30.466494201306467 0))",0.0,1.0,0.0,0.0,665.0
74,5344.0,5310.0,沌口小学,5.0,1926.0,1720.0,6.0,0.0,10320.0,10320,0.8,service,429,"POLYGON Z ((114.18246276077927 30.466081488690417 0, 114.18250471445553 30.46608807285866 0, 114.18250569400004 30.46609169800007 0, 114.18251564267501 30.46608978792256 0, 114.18253681700003 30.466093111000077 0, 114.18253491900009 30.466086087000065 0, 114.18253256000003 30.466077315000064 0, 114.18253019000008 30.466068544000052 0, 114.18251478900004 30.466011439000056 0, 114.1828512620001 30.46594684900009 0, 114.18285624800001 30.46594588800008 0, 114.18285219100005 30.465930875000083 0, 114.18288855500009 30.46592389600005 0, 114.18286764800007 30.46584639300005 0, 114.18283137900005 30.465853696000067 0, 114.18249038900001 30.465919159000066 0, 114.18243654500009 30.465724678000072 0, 114.18277693800007 30.465658180000048 0, 114.18277332000002 30.465644977000068 0, 114.18281080300005 30.46563765500008 0, 114.18279634500004 30.465584979000084 0, 114.18278913200004 30.46555868200005 0, 114.18241025400005 30.465632697000046 0, 114.18239646800009 30.465582425000036 0, 114.1823722580001 30.46549211300004 0, 114.18241245800004 30.46548428500006 0, 114.18244715000003 30.465477536000037 0, 114.18245394900009 30.465496649000045 0, 114.182459773 30.465497887000083 0, 114.18247966800004 30.46549837400005 0, 114.18250541200007 30.465494211000077 0, 114.18253013800006 30.465483246000076 0, 114.18253426500007 30.46548034600005 0, 114.18252916900008 30.465460832000076 0, 114.18256315000008 30.465454096000087 0, 114.18255671700001 30.465422483000054 0, 114.18257834200006 30.46541768800006 0, 114.18257941700006 30.46540206600008 0, 114.18257535500004 30.46538139100005 0, 114.18257092400006 30.465369854000073 0, 114.18255930800001 30.465354706000085 0, 114.18253802600009 30.465357732000086 0, 114.18253021400005 30.46532700000006 0, 114.18249247000006 30.46533369900004 0, 114.18248668300009 30.46531271500004 0, 114.18247503500004 30.465310833000046 0, 114.18244791900008 30.465312630000085 0, 114.18241873800002 30.465321181000036 0, 114.18240499800004 30.465329593000035 0, 114.182410774 30.465349992000085 0, 114.18237744100009 30.46535616700004 0, 114.1823860070001 30.46538750800005 0, 114.18230240800006 30.465403778000052 0, 114.1823288600001 30.46550056500007 0, 114.18233897800008 30.46549858900005 0, 114.18236505800007 30.46558856000007 0, 114.18231071600007 30.46559917400009 0, 114.1823497900001 30.465741622000053 0, 114.18233102800002 30.46574528700006 0, 114.182320377 30.465747349000083 0, 114.18237240200006 30.46594114000004 0, 114.18238380500009 30.46593893100004 0, 114.18238398400001 30.465939589000072 0, 114.1824046700001 30.46593561600008 0, 114.18241176700008 30.46596192800007 0, 114.1824449400001 30.466084910000063 0, 114.18246276077927 30.466081488690417 0))",0.0,1.0,0.0,0.0,688.0
75,5345.0,5311.0,沌口小学,5.0,1926.0,1872.0,6.0,0.0,11236.0,11236,0.8,service,429,"POLYGON Z ((114.18274956844789 30.4664243509106 0, 114.1827385931509 30.466426508294166 0, 114.18268670400005 30.46643670800006 0, 114.18266903800009 30.46637105700006 0, 114.18261211400011 30.466381958000056 0, 114.18260906300009 30.46637095300008 0, 114.18258890900006 30.466359814000043 0, 114.18256122100001 30.466365283000073 0, 114.1825479580001 30.46638284800008 0, 114.1825509040001 30.466393682000046 0, 114.182587506 30.46652968500007 0, 114.18242274500005 30.466561228000046 0, 114.18241459800004 30.46653095100004 0, 114.18228016900002 30.466556693000086 0, 114.18228831600004 30.466586961000075 0, 114.18212311500008 30.466618591000042 0, 114.18208510900001 30.466477328000053 0, 114.18208215200002 30.466466521000086 0, 114.1820619880001 30.466455391000068 0, 114.1820340380001 30.46646032800004 0, 114.18202134900002 30.46647652200005 0, 114.18202465200011 30.466488905000062 0, 114.18196697500002 30.466499944000077 0, 114.1820144290001 30.46667631100007 0, 114.18204192900009 30.466671046000044 0, 114.18204971900002 30.46669999900007 0, 114.18206813000006 30.466768442000046 0, 114.18271379700002 30.46664481600004 0, 114.18269605700004 30.466578904000073 0, 114.18269612000006 30.466578895000055 0, 114.18280108300007 30.466558646000067 0, 114.1828011560001 30.466558628000087 0, 114.18281892800007 30.466624838000087 0, 114.18289320300005 30.466610656000057 0, 114.18289579300006 30.466620310000053 0, 114.18292076300008 30.466615612000055 0, 114.18291815300006 30.466605895000043 0, 114.18299563700009 30.466591099000084 0, 114.18295242900001 30.466430070000058 0, 114.182779891 30.466463012000077 0, 114.18276862000005 30.466420606000042 0, 114.18274956844789 30.4664243509106 0))",0.0,1.0,0.0,0.0,749.0
76,0.0,0.0,武汉外国语学校小学部,0.0,0.0,0.0,0.0,0.0,0.0,3168,0.0,0,44,0,0.0,1.0,0.0,0.0,211.0
77,0.0,0.0,奥林小学（弘毅校区）,0.0,0.0,0.0,0.0,0.0,0.0,26400,0.0,0,13,0,0.0,1.0,0.0,0.0,1760.0
78,0.0,0.0,三角湖小学官士墩校区,0.0,0.0,0.0,0.0,0.0,0.0,29304,0.0,0,244,0,0.0,1.0,0.0,0.0,1954.0
79,1990.0,2004.0,第一中学,5.0,2002.0,2856.0,4.0,0.0,11424.0,11424,0.8,service,218,"POLYGON Z ((114.14935592947987 30.51139615184819 0, 114.14935784891037 30.511344474965185 0, 114.14935922935818 30.511307479318436 0, 114.14933271984415 30.511307752896084 0, 114.14934195079763 30.511040843920462 0, 114.14934402761929 30.510981904762886 0, 114.14920622972292 30.510984393229425 0, 114.14920467335574 30.511028633439505 0, 114.14884600325718 30.511035056282772 0, 114.14884777856787 30.510980314239116 0, 114.14867621041796 30.510983340626762 0, 114.14855084005667 30.510966794011463 0, 114.14854575152168 30.511143228945215 0, 114.14873696413605 30.51113977760339 0, 114.14873181610668 30.5113140848099 0, 114.14870214730692 30.511314261030734 0, 114.1487008370566 30.51136047499064 0, 114.14870298800122 30.511369407556433 0, 114.14870688703984 30.511377787725486 0, 114.14871241521445 30.511385338828944 0, 114.1487193999658 30.511391828339452 0, 114.1487276187602 30.51139704874288 0, 114.14873680646849 30.51140082542589 0, 114.14874666553972 30.511403051598034 0, 114.14875689856476 30.511403641533565 0, 114.14879809198098 30.51140338198215 0, 114.14925737276016 30.511394001120426 0, 114.14930597198028 30.511395751828132 0, 114.14935592947987 30.51139615184819 0))",0.0,0.0,1.0,0.0,664.0
80,1991.0,2006.0,第一中学,5.0,2002.0,853.0,4.0,0.0,3415.0,3415,0.8,service,219,"POLYGON Z ((114.15036380891746 30.510972508292323 0, 114.15042511386733 30.510864150059774 0, 114.15035641356074 30.510835022485978 0, 114.15033920222331 30.5108654474406 0, 114.15008451601888 30.51075749126447 0, 114.15009604285717 30.510734931664583 0, 114.15008807594604 30.51072970754879 0, 114.15007318929007 30.51072180896896 0, 114.15005727419799 30.510715600010617 0, 114.15004056881499 30.510711158479733 0, 114.15002331094897 30.510708546136915 0, 114.15000572099765 30.510707802997885 0, 114.14997058746583 30.510711945943996 0, 114.14997042058408 30.510734505553774 0, 114.14972787014021 30.510742416249723 0, 114.14972828981357 30.510705863956904 0, 114.1496498736244 30.510708422516625 0, 114.14964851686133 30.510827811493296 0, 114.14968702606885 30.51082655382498 0, 114.1496869126258 30.510836368481485 0, 114.14996935943532 30.510827158096102 0, 114.14996945476497 30.510819391358616 0, 114.14998326540655 30.510819822019894 0, 114.14999494839259 30.510820855322173 0, 114.15000865882314 30.510822825801675 0, 114.15002294593013 30.51082590407965 0, 114.15003984862237 30.51083122676017 0, 114.15003455552898 30.5108415055665 0, 114.15032516335577 30.510964964220655 0, 114.15032906397347 30.510958300015055 0, 114.15036380891746 30.510972508292323 0))",0.0,0.0,1.0,0.0,199.0
81,1995.0,2000.0,第一中学,5.0,2002.0,597.0,4.0,0.0,2391.0,2391,0.8,service,218,"POLYGON Z ((114.14780984478891 30.51120501170034 0, 114.14726432092287 30.51121334057836 0, 114.1472609250056 30.511316373046178 0, 114.14780644983325 30.51130804415024 0, 114.14780984478891 30.51120501170034 0))",0.0,0.0,1.0,0.0,139.0
82,1996.0,2001.0,第一中学,5.0,2002.0,624.0,4.0,0.0,2499.0,2499,0.8,service,218,"POLYGON Z ((114.14782746270156 30.51092142261258 0, 114.14727748020576 30.510924965313446 0, 114.1472727702076 30.511033575226747 0, 114.14781821458888 30.511027340561782 0, 114.14782746270156 30.51092142261258 0))",0.0,0.0,1.0,0.0,145.0
83,1997.0,2002.0,第一中学,5.0,2002.0,607.0,4.0,0.0,2429.0,2429,0.8,service,218,"POLYGON Z ((114.14845804920398 30.510917027005952 0, 114.14791293265844 30.51092169953313 0, 114.14790893420377 30.51102720619588 0, 114.14845437858511 30.511020971531003 0, 114.14845804920398 30.510917027005952 0))",0.0,0.0,1.0,0.0,141.0
84,1998.0,2003.0,第一中学,5.0,2002.0,586.0,4.0,0.0,2346.0,2346,0.8,service,218,"POLYGON Z ((114.1484470004524 30.511201260576517 0, 114.14790100025597 30.511205949646907 0, 114.1478973345656 30.511307765238545 0, 114.14844277898591 30.51130152956962 0, 114.1484470004524 30.511201260576517 0))",0.0,0.0,1.0,0.0,136.0
85,1999.0,2005.0,第一中学,5.0,2002.0,1943.0,4.0,0.0,7774.0,7774,0.8,service,218,"POLYGON Z ((114.15000739375587 30.510948162479654 0, 114.14945325974934 30.510956271325853 0, 114.14944241430918 30.511286366479187 0, 114.14999405419914 30.511279142018076 0, 114.15000739375587 30.510948162479654 0))",0.0,0.0,1.0,0.0,452.0
86,2000.0,2012.0,第一中学,5.0,2002.0,1384.0,4.0,0.0,5539.0,5539,0.8,service,218,"POLYGON Z ((114.15071118715319 30.512015883004835 0, 114.15072036765035 30.511999798999813 0, 114.15072803707976 30.51200335731402 0, 114.15073707919498 30.51200593586374 0, 114.1507505396802 30.512006995079172 0, 114.15076987034647 30.512004236481626 0, 114.15078094041812 30.511999458547177 0, 114.15079475826468 30.51198981670577 0, 114.15080841597283 30.511970922118962 0, 114.15082446688392 30.51197751778549 0, 114.15094179488858 30.511764711452113 0, 114.15092522699044 30.511757968961426 0, 114.15093213918136 30.51174556210224 0, 114.15093514865258 30.51172748986667 0, 114.15093158127344 30.511709588913146 0, 114.15092457858728 30.51169908684294 0, 114.15091348242541 30.511689532206344 0, 114.15089724536566 30.511681496385677 0, 114.15090546362227 30.511666684425027 0, 114.15065979241695 30.511566231128988 0, 114.15062337123224 30.51166502225735 0, 114.15080514747841 30.51174360964161 0, 114.15080863723571 30.51176145586769 0, 114.15081886967315 30.511766782034154 0, 114.15074994747926 30.511893128217842 0, 114.15073262808035 30.511892148268974 0, 114.15071461067899 30.511904453036273 0, 114.15047114302563 30.511803100730507 0, 114.15044824686107 30.51180321035186 0, 114.15045411153972 30.511664648640426 0, 114.15049676407033 30.51166353411277 0, 114.15050514930971 30.511550028884063 0, 114.15041468739832 30.511548427864177 0, 114.15037319272396 30.511586617927506 0, 114.1503722087429 30.51166413539304 0, 114.15032841794185 30.511663981084716 0, 114.15032244974357 30.51180893827999 0, 114.15036502123301 30.511808104165794 0, 114.15036095842537 30.51190678810451 0, 114.15040568252392 30.511906390221984 0, 114.15040588225138 30.511901400460122 0, 114.15046014222773 30.511900914343435 0, 114.15071118715319 30.512015883004835 0))",0.0,0.0,1.0,0.0,322.0
87,2001.0,2013.0,第一中学,5.0,2002.0,1000.0,4.0,0.0,4001.0,4001,0.8,service,218,"POLYGON Z ((114.1500772846927 30.511982685685805 0, 114.15007952590841 30.51193022026378 0, 114.15011016275814 30.511930204493627 0, 114.1501726356364 30.511929825458722 0, 114.15018297636863 30.51169650771919 0, 114.15016202360198 30.511696750502484 0, 114.1501637553572 30.511645526577254 0, 114.15009472533832 30.51164611364468 0, 114.14991235559845 30.51164765382654 0, 114.14987528882547 30.511647966540824 0, 114.14979922541431 30.511648605024703 0, 114.14979685563789 30.511705761921878 0, 114.14987160254958 30.51173701348442 0, 114.14987202091872 30.511726843997447 0, 114.14987913407931 30.51172679209067 0, 114.15007598403847 30.5117251172583 0, 114.15007583063064 30.511733092750358 0, 114.1500851436773 30.51173305182652 0, 114.15008475733148 30.51174160652681 0, 114.1500969511041 30.51174109232434 0, 114.15009021721654 30.511892968041064 0, 114.15008045683031 30.51189341862918 0, 114.15008073406081 30.511901957896768 0, 114.15006986466912 30.51190224064102 0, 114.15006995632034 30.511908806028572 0, 114.14957286589586 30.511911112729553 0, 114.1495721541036 30.511930313715098 0, 114.14955582403442 30.511963452946638 0, 114.14964558081434 30.511997505408118 0, 114.14964591786271 30.51198893357271 0, 114.14980485024151 30.511988275594323 0, 114.14989483553897 30.511987356409644 0, 114.14989245082879 30.51204781419294 0, 114.14997235901211 30.512047484954827 0, 114.1500772846927 30.511982685685805 0))",0.0,0.0,1.0,0.0,233.0
88,2002.0,2014.0,第一中学,5.0,2002.0,1033.0,4.0,0.0,4132.0,4132,0.8,service,218,"MULTIPOLYGON Z (((114.14918727139356 30.512061464531108 0, 114.14911270412148 30.512109879626028 0, 114.14908328645316 30.512161979016106 0, 114.14908174150459 30.512227009823963 0, 114.14907853657613 30.512310026406453 0, 114.14911471290702 30.512309633049796 0, 114.14911416190257 30.512324079756795 0, 114.14961128753198 30.512318741657342 0, 114.1496087830951 30.51238363894128 0, 114.14962517145763 30.51238983402325 0, 114.14964394771832 30.512354447922664 0, 114.14966447337933 30.512319810582344 0, 114.14968671629174 30.512285982797604 0, 114.14971355086911 30.51224921788849 0, 114.1497404111525 30.512219948586978 0, 114.14932681205018 30.51222439311225 0, 114.14932885889868 30.512171218036894 0, 114.14935484194551 30.512109370414887 0, 114.14918727139356 30.512061464531108 0)), ((114.14918727139356 30.512061464531108 0, 114.14920807881828 30.512047954826627 0, 114.14914660342615 30.51204983808114 0, 114.14918727139356 30.512061464531108 0)))",0.0,0.0,1.0,0.0,240.0
89,2003.0,2015.0,第一中学,5.0,2002.0,1324.0,4.0,0.0,5299.0,5299,0.8,service,218,"POLYGON Z ((114.14960100539764 30.51288701167652 0, 114.14959477722188 30.512842767723072 0, 114.14959320364315 30.51275755826627 0, 114.14960575705142 30.512635103495175 0, 114.14963012964283 30.512554621042778 0, 114.14956598758718 30.51253819723037 0, 114.14953822433898 30.512544250778195 0, 114.14916332983945 30.51254782423121 0, 114.14906899833396 30.512508338680057 0, 114.14906406996361 30.512631835507698 0, 114.14910021306676 30.51263150597622 0, 114.14909963330832 30.512645926134574 0, 114.14953431467421 30.512641788174744 0, 114.1495254043869 30.512862110459356 0, 114.14914093309083 30.512868431455797 0, 114.14905691724721 30.512831068222532 0, 114.14905221410821 30.512952849333566 0, 114.14908847793454 30.51295225670376 0, 114.14908793785821 30.512966694177244 0, 114.14957333175599 30.51295870950084 0, 114.14957263637498 30.51295455011114 0, 114.14960968545296 30.512948636729323 0, 114.14960100539764 30.51288701167652 0))",0.0,0.0,1.0,0.0,308.0
90,2004.0,2016.0,第一中学,5.0,2002.0,923.0,4.0,0.0,3695.0,3695,0.8,service,218,"POLYGON Z ((114.14980598428234 30.513635715499554 0, 114.14981163733863 30.513625767037404 0, 114.1498205740455 30.51362900567542 0, 114.1498290256662 30.513632067798465 0, 114.14984020719102 30.51363386491318 0, 114.14984921369576 30.513633701315552 0, 114.14986048741105 30.513632286388034 0, 114.14986683083397 30.51363055645314 0, 114.1498732113165 30.513627625968763 0, 114.14988745595826 30.513617312003017 0, 114.14989214363749 30.513610792575186 0, 114.1499008133562 30.513595489611838 0, 114.14991399761193 30.51360113371556 0, 114.1500303013953 30.513389908576496 0, 114.15001690638229 30.513384248353947 0, 114.15002836813628 30.513363412507967 0, 114.15002953061027 30.51335454231034 0, 114.1500284608122 30.513344912327963 0, 114.15002520672964 30.513333312777668 0, 114.15001913035456 30.513325379676864 0, 114.15001304352245 30.513318259383052 0, 114.15000420649339 30.51331319802763 0, 114.14998937293895 30.51330655348684 0, 114.14999667583439 30.513293636697938 0, 114.14988292487102 30.51324710689981 0, 114.14988675988319 30.513238991254326 0, 114.14979656521804 30.51320166945816 0, 114.14979274504978 30.513209378520134 0, 114.14961389069988 30.513139516649428 0, 114.14953485723233 30.513140602997368 0, 114.14953186159354 30.513218655722806 0, 114.14957121711416 30.5132181195799 0, 114.14959990016914 30.513217719033413 0, 114.14995110082388 30.513362196498726 0, 114.14984031518408 30.513564620379743 0, 114.14967275739114 30.51349512889236 0, 114.14962873331406 30.51347687577652 0, 114.14956932648276 30.51347142084795 0, 114.14956657575561 30.51354962448803 0, 114.14959542101202 30.513549203850108 0, 114.14963222121378 30.513565364046368 0, 114.14980598428234 30.513635715499554 0))",0.0,0.0,1.0,0.0,215.0
91,2005.0,2029.0,第一中学,5.0,2002.0,1593.0,4.0,0.0,6372.0,6372,0.8,service,218,"POLYGON Z ((114.14757997643535 30.511489737281615 0, 114.14728292993335 30.51149432024391 0, 114.14726364734874 30.511996205894974 0, 114.1475678550022 30.511993500330252 0, 114.14757070055343 30.511915675136734 0, 114.14756300288255 30.51191576005716 0, 114.14757997643535 30.511489737281615 0))",0.0,0.0,1.0,0.0,370.0
92,2006.0,2030.0,第一中学,5.0,2002.0,2102.0,4.0,0.0,8409.0,8409,0.8,service,218,"POLYGON Z ((114.14819665922921 30.511552782857432 0, 114.1476412654958 30.51155913857795 0, 114.14762784954527 30.511915021569525 0, 114.14818324323966 30.511908666852964 0, 114.14819665922921 30.511552782857432 0))",0.0,0.0,1.0,0.0,489.0
93,2395.0,2406.0,武汉经济开发区职业技术学校,5.0,1988.0,525.0,4.0,0.0,2100.0,2100,0.8,service,309,"POLYGON Z ((114.13784611667234 30.49354750281987 0, 114.13821890816365 30.49331262884546 0, 114.13811206982668 30.493185326354176 0, 114.13807724015807 30.493208123506324 0, 114.13811685212117 30.493255008529136 0, 114.13781588672927 30.493449623255113 0, 114.13777649064433 30.49340172808633 0, 114.1377462270509 30.49342598877608 0, 114.13784611667234 30.49354750281987 0))",0.0,0.0,1.0,0.0,122.0
94,2396.0,2407.0,武汉经济开发区职业技术学校,5.0,1988.0,324.0,4.0,0.0,1299.0,1299,0.8,service,309,"POLYGON Z ((114.13835123263713 30.493261758470663 0, 114.13857794329722 30.493115916685955 0, 114.1385258882311 30.493052987522315 0, 114.13854602624606 30.49304008049294 0, 114.13852842987139 30.493018818723428 0, 114.13826976597203 30.493184667747705 0, 114.1382969623187 30.4932175429481 0, 114.13830890578376 30.493209877672207 0, 114.13835123263713 30.493261758470663 0))",0.0,0.0,1.0,0.0,76.0
95,2397.0,2408.0,武汉经济开发区职业技术学校,5.0,1988.0,587.0,4.0,0.0,2351.0,2351,0.8,service,309,"POLYGON Z ((114.138819295079 30.492950400380515 0, 114.13862517005627 30.492715830336348 0, 114.13847111280035 30.492814332459115 0, 114.13866511164751 30.49304875766437 0, 114.138819295079 30.492950400380515 0))",0.0,0.0,1.0,0.0,137.0
96,2405.0,2409.0,武汉经济开发区职业技术学校,5.0,1988.0,621.0,4.0,0.0,2484.0,2484,0.8,service,309,"POLYGON Z ((114.1379793588253 30.49263882365655 0, 114.13807777335758 30.49256455420561 0, 114.13838316322027 30.492636476001252 0, 114.138408848345 30.492556198961474 0, 114.13803259504441 30.492456656796737 0, 114.13801616832245 30.492498498666126 0, 114.13791595451792 30.492562333613893 0, 114.1378827718725 30.492560457639257 0, 114.13786999921658 30.49272263938318 0, 114.13796723034773 30.492727967002303 0, 114.1379793588253 30.49263882365655 0))",0.0,0.0,1.0,0.0,144.0
97,2406.0,2411.0,武汉经济开发区职业技术学校,5.0,1988.0,228.0,4.0,0.0,914.0,914,0.8,service,309,"POLYGON Z ((114.13834345597995 30.492750791475515 0, 114.13830275769719 30.492700524510838 0, 114.13801986222178 30.49287867432183 0, 114.13806056050741 30.49292894230639 0, 114.13834345597995 30.492750791475515 0))",0.0,0.0,1.0,0.0,53.0
98,2407.0,2412.0,武汉经济开发区职业技术学校,5.0,1988.0,113.0,4.0,0.0,454.0,454,0.8,service,309,"POLYGON Z ((114.13861370994786 30.492700409869112 0, 114.1385226839827 30.492591762363507 0, 114.13845903260292 30.492633078247113 0, 114.13855005856789 30.492741725752733 0, 114.13861370994786 30.492700409869112 0))",0.0,0.0,1.0,0.0,26.0
99,4472.0,4561.0,神龙第一初级中学,5.0,2021.0,2307.0,5.0,0.0,11539.0,11539,0.5,service,48,"POLYGON Z ((114.15892706442612 30.497215961782196 0, 114.1589272374752 30.49716934119475 0, 114.15892133485578 30.49714244177239 0, 114.15890010680134 30.497114704772937 0, 114.15879015330285 30.49718258823601 0, 114.15866558251925 30.497025975673527 0, 114.15881815021957 30.496931003605145 0, 114.15885640786041 30.496976746316975 0, 114.15895449722484 30.49690910225688 0, 114.1588843309063 30.496817604936297 0, 114.1588455960637 30.496807123473843 0, 114.1588022932533 30.496806945430514 0, 114.15875866651302 30.496811667901845 0, 114.15876454484928 30.496829605772582 0, 114.15878570995058 30.496862433590074 0, 114.1587644654824 30.496866204961034 0, 114.15875859741537 30.49684353156343 0, 114.15810968282277 30.497236889453777 0, 114.15812069014667 30.497255868560096 0, 114.15809344617601 30.4972786770939 0, 114.15806571605162 30.49723671770431 0, 114.15804358664069 30.497255461097247 0, 114.15801707420862 30.497282799657373 0, 114.15801697962718 30.497314655163937 0, 114.15801693057703 30.497337274121815 0, 114.1580705570489 30.49740626176305 0, 114.15818022555767 30.497343381502834 0, 114.15816321846667 30.49732046209784 0, 114.15857319127785 30.49708084399346 0, 114.15870369632573 30.497228343806807 0, 114.15837010317789 30.49744475091505 0, 114.15839766687593 30.49747777830098 0, 114.15845224511556 30.497500978241213 0, 114.15850605033886 30.49751021598446 0, 114.15855583793521 30.497510747329763 0, 114.15860982021472 30.497497135983238 0, 114.15866435842678 30.497465716121887 0, 114.15863728239724 30.497433759804206 0, 114.15889976933464 30.497270323951792 0, 114.15892706442612 30.497215961782196 0))",0.0,0.0,1.0,0.0,671.0
100,4473.0,4587.0,神龙第一初级中学,5.0,2021.0,812.0,5.0,0.0,4064.0,4064,0.5,service,48,"POLYGON Z ((114.15892492209635 30.497649989568863 0, 114.15869618983605 30.4975321990588 0, 114.1586536845121 30.497597595506697 0, 114.15860028668382 30.497565287477215 0, 114.15853664319431 30.497648557177513 0, 114.15901524118644 30.497906086328594 0, 114.1590787106628 30.49781377931503 0, 114.15888261933324 30.497719183716942 0, 114.15892492209635 30.497649989568863 0))",0.0,0.0,1.0,0.0,236.0
101,4474.0,4588.0,神龙第一初级中学,5.0,2021.0,1841.0,5.0,0.0,9207.0,9207,0.5,service,48,"POLYGON Z ((114.16026120624616 30.498067566696463 0, 114.16031399175907 30.4979982280794 0, 114.16035148513865 30.497928914190066 0, 114.16037789775778 30.497835313278813 0, 114.16037785725338 30.49775168086357 0, 114.16017608995041 30.497760161869397 0, 114.16017612393509 30.497830332527094 0, 114.16015542805863 30.497905035878638 0, 114.16012856527695 30.497951223556445 0, 114.16009693438613 30.497974317746554 0, 114.1600483773787 30.49796486218264 0, 114.16000559042325 30.497954889638304 0, 114.15994234352738 30.49795479319874 0, 114.15989983531479 30.49796837959096 0, 114.15987318084622 30.497991731567296 0, 114.15984632237699 30.49802481739051 0, 114.1597938336349 30.4980247373551 0, 114.15974553475118 30.49799626712631 0, 114.15963938680342 30.498154056442747 0, 114.15974563386288 30.49820091031707 0, 114.15982069893509 30.49822031360309 0, 114.15987904859853 30.49822962001976 0, 114.15993173064541 30.498252896255472 0, 114.15998500286776 30.498253251253054 0, 114.1600327675729 30.498244216329113 0, 114.16008602926317 30.498220991042693 0, 114.16011804066686 30.49819319080705 0, 114.16013875615175 30.498160808137726 0, 114.16018098755741 30.498127659636403 0, 114.16026120624616 30.498067566696463 0))",0.0,0.0,1.0,0.0,535.0
102,0.0,0.0,武汉经济技术开发区第二中学,0.0,0.0,0.0,0.0,0.0,0.0,1800,0.0,0,346,0,0.0,0.0,1.0,0.0,105.0
103,0.0,0.0,武汉经济技术开发区第一初级中学,0.0,0.0,0.0,0.0,0.0,0.0,2000,0.0,0,21,0,0.0,0.0,1.0,0.0,116.0
104,0.0,0.0,武汉实验外国语学校初中部,0.0,0.0,0.0,0.0,0.0,0.0,720,0.0,0,45,0,0.0,0.0,1.0,0.0,42.0
105,0.0,0.0,武汉实验外国语学校,0.0,0.0,0.0,0.0,0.0,0.0,1800,0.0,0,2,0,0.0,0.0,1.0,0.0,105.0
106,0.0,0.0,三牛中美中学,0.0,0.0,0.0,0.0,0.0,0.0,200,0.0,0,5,0,0.0,0.0,1.0,0.0,12.0
107,0.0,0.0,武汉经济技术开发区第一初级中学官士墩校区,0.0,0.0,0.0,0.0,0.0,0.0,1800,0.0,0,244,0,0.0,0.0,1.0,0.0,105.0
108,0.0,0.0,经开第一高中,0.0,0.0,0.0,0.0,0.0,0.0,1300,0.0,0,218,0,0.0,0.0,0.0,1.0,60.0
109,0.0,0.0,东风汽车公司武汉技师学院,0.0,0.0,0.0,0.0,0.0,0.0,6000,0.0,0,365,0,0.0,0.0,0.0,1.0,276.0
